﻿pos_x,pos_y,rotation,side,designator,mpn,pack,value,mount_type,place
82.0362,-5.0537,180.0,bottom,BT1,,BATTERY_18650-HOLDER, 3.7 V Lipo,tht,True
86.655,-13.2733,180.0,bottom,Crowbar,,D_DO-201_P15.24mm_Horizontal,Crowbar,tht,True
84.7754,-53.1513,0.0,bottom,G back,,LOGO,LOGO,tht,False
4.5622,-28.3101,90.0,top,G front,,LOGO,LOGO,tht,False
20.3573,-6.0697,0.0,top,H4,,MountingHole_3.2mm_M3,MountingHole_Pad,tht,True
20.4869,-49.7997,0.0,top,H6,,MountingHole_3.2mm_M3,MountingHole_Pad,tht,True
60.2019,-44.6467,-90.0,top,J1,,PinHeader_2x15_P2.54mm_Vertical,M5 2x15 pin,tht,True
106.7718,-21.4521,0.0,top,J2,,PinHeader_1x03_P2.54mm_Vertical,Geiger IRover,tht,True
118.7213,-7.4563,0.0,top,J3,,PinSocket_1x06_P2.54mm_Vertical,GPS,tht,True
95.3418,-17.9977,90.0,top,J4,,PinHeader_1x03_P2.54mm_Vertical,Geiger Safepulse,tht,True
67.097,-31.1599,180.0,top,J5,,PinHeader_1x02_P2.54mm_Vertical,Extra support header,tht,True
114.5442,-23.9413,180.0,bottom,QI,,JST_PH_B2B-PH-K_1x02_P2.00mm_Vertical,QI GND,tht,True
