﻿designator,quantity,value,pack,mpn,mount_type
BT1,1, 3.7 V Lipo,BATTERY_18650-HOLDER,,tht
Crowbar,1,Crowbar,D_DO-201_P15.24mm_Horizontal,,tht
"G back, G front",2,LOGO,LOGO,,tht
"H4, H6",2,MountingHole_Pad,MountingHole_3.2mm_M3,,tht
J1,1,M5 2x15 pin,PinHeader_2x15_P2.54mm_Vertical,,tht
J2,1,Geiger IRover,PinHeader_1x03_P2.54mm_Vertical,,tht
J3,1,GPS,PinSocket_1x06_P2.54mm_Vertical,,tht
J4,1,Geiger Safepulse,PinHeader_1x03_P2.54mm_Vertical,,tht
J5,1,Extra support header,PinHeader_1x02_P2.54mm_Vertical,,tht
QI,1,QI GND,JST_PH_B2B-PH-K_1x02_P2.00mm_Vertical,,tht
