﻿pos_x,pos_y,rotation,side,designator,mpn,pack,value,mount_type,place
3.6886,-33.8513,-90.0,bottom,BT1,,BATTERY_18650-HOLDER, 3.7 V Lipo,tht,True
113.3067,-26.3753,-90.0,bottom,BT2,,BATTERY_18650-HOLDER, 3.7 V Lipo,tht,True
85.6898,-0.4717,0.0,bottom,G back,,LOGO,LOGO,tht,False
87.9758,-53.8625,180.0,top,G front,,LOGO,LOGO,tht,False
15.3517,-4.8744,0.0,top,H4,,MountingHole_3.2mm_M3,MountingHole_Pad,tht,True
15.4813,-48.6044,0.0,top,H6,,MountingHole_3.2mm_M3,MountingHole_Pad,tht,True
55.1963,-43.4514,-90.0,top,J1,,PinHeader_2x15_P2.54mm_Vertical,M5 2x15 pin,tht,True
116.6742,-23.5145,0.0,top,J2,,PinHeader_1x03_P2.54mm_Vertical,Geiger IRover,tht,True
66.8323,-27.6791,180.0,top,J3,,PinSocket_1x06_P2.54mm_Vertical,GPS,tht,True
82.4894,-13.7813,180.0,top,J4,,PinHeader_1x03_P2.54mm_Vertical,Geiger Safepulse,tht,True
98.9444,-43.7273,-90.0,top,J5,,PinHeader_1x02_P2.54mm_Vertical,Extra support header,tht,True
